;aa;aa_name;metascore_wt;metascore_L94D;metascore_L94K;metascore_L94G;metascore_L94P
1;92;N;0.5657571162525544;0.2894305840665985;0.30047414708019266;0.4714362686089343;0.25366999807211593
2;93;V;0.5955681084931806;0.2970038669026254;0.31101745213360327;0.4834991178763934;0.2558215778449382
3;94;L;0.5973991318645844;0.2829801729995643;0.3049562597389404;0.4671626616113227;0.21336285593038726
4;95;A;0.5774087125426608;0.2779752139721961;0.29501965395024704;0.4618548259668149;0.2092416450561401
5;96;A;0.5385545591956113;0.26313100312035914;0.28420605333022503;0.36971187529612226;0.20458598422869775
